ELP Sequence,Residue Number,ΔG per ELP (kBT),stdev,ΔG per residue (kBT),stdev,AL Round
H6F3,45,129.2,6.04,2.87,0.13,10
H6A3,45,112.87,3.23,2.51,0.07,10
H6A4,50,121.69,5.17,2.43,0.1,10
H5A5,50,118.82,2.79,2.38,0.06,10
H5I4,45,106.48,4.91,2.37,0.11,23
H6F4,50,116,5.19,2.32,0.1,10
H5F5,50,116.08,5.35,2.32,0.11,10
T6A4,50,115.36,3.06,2.31,0.06,10
Y6F4,50,110.34,1.68,2.21,0.03,14
H6V4,50,106.78,2.39,2.14,0.05,22
H6I3,45,94.95,3.87,2.11,0.09,0
Y6I4,50,104.19,4.8,2.08,0.1,16
H6C4,50,104.06,3.03,2.08,0.04,1
H6V3,45,91.45,3.51,2.03,0.08,22
Y6I3,45,91.17,3.48,2.03,0.08,21
H3F6,45,90.81,2.43,2.02,0.05,0
H5A4,45,89.57,3.75,1.99,0.08,10
H6M4,50,93.69,3.84,1.97,0.08,12
H4C6,50,96.88,3.3,1.94,0.07,10
H4A6,50,96.55,4.17,1.93,0.08,10
H4I5,45,86.78,3.17,1.93,0.07,21
H6L3,45,86.24,4.82,1.92,0.11,24
H4F6,50,95.13,4.05,1.9,0.08,12
H6L4,50,95.12,3.23,1.9,0.07,24
H4I6,50,93.93,3.39,1.88,0.07,20
Y5A5,50,91.73,3.47,1.83,0.07,10
Y6C4,50,90.99,2.63,1.82,0.04,1
H5F4,45,81.73,2.85,1.82,0.06,11
H6C3,45,81.42,4.5,1.81,0.1,10
T5A5,50,89.98,3.74,1.8,0.08,10
Y3A6,45,80.86,5.63,1.8,0.13,0
S6A4,50,87.49,1.37,1.75,0.03,10
H5C5,50,87.27,3.85,1.75,0.08,10
Y6A4,50,87.13,5.14,1.74,0.1,10
T6C4,50,86.84,4.23,1.74,0.09,10
Y4A6,50,86.53,4.31,1.73,0.09,18
H3V6,45,77.8,3.33,1.73,0.07,0
T4C6,50,85.1,4.6,1.7,0.09,0
T6F4,50,84.34,4.58,1.69,0.09,11
Y6V3,45,75.3,3.73,1.67,0.08,17
H6I4,50,83.38,4.26,1.67,0.05,16
T4F6,50,82.96,4.32,1.66,0.09,13
W4A6,50,82.91,2.94,1.66,0.06,13
Y4F6,50,81.69,2.98,1.63,0.06,15
T6A3,45,72.03,1.23,1.6,0.03,15
W6A4,50,79.95,3.32,1.6,0.07,18
W6C4,50,78.3,2.2,1.57,0.04,0
S6F4,50,77.49,1.99,1.55,0.04,19
Y6F3,45,69.76,2.26,1.55,0.05,19
Y5F5,50,76.71,2.88,1.53,0.06,20
W5F5,50,74.55,2.6,1.49,0.05,0
S4C5,45,66.69,3.56,1.48,0.08,0
S4I5,45,62.73,2.88,1.39,0.06,0
Y4C6,50,66.68,5.27,1.33,0.11,10
Q5C5,50,66.4,4.3,1.33,0.09,0
S4A6,50,65.96,3.53,1.32,0.07,14
H5I5,50,65.71,2.44,1.31,0.05,23
Y6M4,50,64.91,2.07,1.3,0.04,17
D6A4,50,64.25,3.55,1.29,0.07,0
H5V5,50,63.55,3.1,1.27,0.06,0
Y3L6,45,56.2,4.37,1.25,0.1,0
H5L4,45,55.57,2.88,1.24,0.06,0
G6A4,50,59.35,2.55,1.19,0.05,0
R4F5,45,50.62,3.15,1.13,0.07,0
G4C5,45,49.72,2.88,1.11,0.06,0
E6A3,45,39.51,1.89,0.88,0.04,0
D5M4,45,38.25,1.8,0.85,0.04,0
K5M5,50,38.55,2.6,0.77,0.05,0
N6M3,45,33.93,2.97,0.75,0.07,0
E4L6,50,34.05,3.3,0.68,0.07,0
R6F4,50,15.9,5.65,0.32,0.11,0
R6M3,45,11.52,4.37,0.26,0.1,0